item,itemLabel,startDate,endDate,psid
Q1132708,Seiken Sugiura,2005-10-31,2006-09-26,Q1132708-DD40B240-05FE-4CC5-9E05-C1647ADF7BA6
Q1132848,Jinen Nagase,2006-09-26,2007-08-27,Q1132848-AFE773A5-798D-491A-8A51-D60D5DEB18FB
Q1133194,Eisuke Mori,2008-09-24,2009-09-16,Q1133194-E34F9E7C-F276-47A6-83CB-4B09BF248657
Q1134738,Minoru Yanagida,2010-09-07,2010-11-22,Q1134738-26F065BC-9157-43E2-9E7C-5A3BDAB42DB4
Q11466071,Takashi Yamashita,2018-10-02,2019-09-11,Q11466071-A6EAF90C-40B4-4C41-94D5-70F80C865ADB
Q11553342,Katsuyuki Kawai,2019-09-11,2019-10-31,Q11553342-310C17D7-3BC5-4140-B0EA-7B51F0BBC51F
Q11647681,Katsutoshi Kaneda,2016-08-03,2017-08-03,Q11647681-D59662BE-B521-47F2-8298-257D9E89AC69
Q1755981,Masako Mori,2019-10-31,2020-09-16,Q1755981-F2B77FE9-F625-45ED-BDE9-D65770FF8405
Q212271,Keishu Tanaka,2012-10-01,2012-10-24,Q212271-B576D27F-2600-4D6F-8F01-3F160E0F8738
Q212305,Satsuki Eda,2011-01-14,2011-09-02,Q212305-28f12652-4580-8125-ab12-896d6e60e842
Q276275,Yōko Kamikawa,2014-10-20,2015-10-07,Q276275-20AB34D0-22AD-4D52-8FC6-EE48E8DABC17
Q276275,Yōko Kamikawa,2020-09-16,2021-10-04,Q276275-9BDB5C81-E5C4-4E96-8B48-F56D8E23C617
Q276275,Yōko Kamikawa,2017-08-03,2018-10-02,Q276275-C0AEE5AA-96EA-45C1-AE06-ED1C14FB68B3
Q455433,Keiko Chiba,2009-09-16,2010-09-07,Q455433-108696B6-2FA5-4C9A-8EE6-CDEB8E98B344
Q463331,Sadakazu Tanigaki,2012-12-26,2014-09-03,Q463331-920905CC-0F07-46CC-A253-2A52C144522E
Q5097145,Chieko Nohno,2004-09-27,2005-10-31,Q5097145-1AD76856-DF5E-42C9-B58D-30A68EEF23DB
Q5209859,Daizō Nozawa,2003-09-22,2004-09-27,Q5209859-6E23FE20-4661-4665-A395-33E3CF9B3232
Q552398,Makoto Taki,2012-10-24,2012-12-26,Q552398-0354E0CF-6ED9-4FB2-B274-C40B6F11801F
Q552398,Makoto Taki,2012-06-04,2012-10-01,Q552398-407CFFA1-D183-4F45-8C22-E6A1586807DC
Q6842917,Midori Matsushima,2014-09-03,2014-10-20,Q6842917-D56CC270-30A0-4360-B969-B8E28A25306E
Q6883215,Mitsuhide Iwaki,2015-10-07,2016-08-03,Q6883215-4203D2FC-68DF-49F7-9EA1-1F179B01833A
Q697969,Masahiko Kōmura,2001-01-06,2001-04-26,Q697969-DE79588F-C75C-42A4-9D11-2610090A62AD
Q777936,Kunio Hatoyama,2007-08-27,2008-08-02,Q777936-2BBE117F-644F-42A4-AE8F-C38C3B284118
Q786752,Okiharu Yasuoka,2008-08-02,2008-09-24,Q786752-68560B55-A579-4AB5-A3F0-FEAA7C20C8C7
Q8056070,Yoshihisa Furukawa,2021-10-04,,Q8056070-991b0e2a-4503-838e-9263-45c3b63f9f9a
Q859210,Mayumi Moriyama,2001-04-26,2003-09-22,Q859210-3705C090-AB0C-4CAC-BF40-28D1CC1F5987
Q962110,Toshio Ogawa,2012-01-13,2012-06-04,Q962110-8C67F073-E3D9-4955-8D32-BEDBC6C9E3C1
Q965723,Yoshito Sengoku,2010-11-22,2011-01-14,Q965723-2F21504F-636A-4775-B73E-6640E748CD1D
Q984305,Hideo Hiraoka,2011-09-02,2012-01-13,Q984305-7CAA92A7-365F-4A45-8607-8D881EEAB5BC
